insert into age
(a_low, a_high,a_category, age_multi)
VALUES 
(0.1666667, 0.25 , "puppy 2mo", 0),
(0.25, 0.33 , "puppy 3mo", 0),
(0.33, 0.5, " puppy 4mo",0),
(0.5, 0.58333333, "puppy 5mo",0),
(0.58333333, 0.6667, "puppy 6mo",0),
(0.06667, 0.83333, "puppy 7mo",0),
(0.833333, 1.0, "puppy 8mo",0),
(1.0, 1.166667, "puppy 10mo",0),
(1.66667, 2.0 , "puppy 12 mo",0),
(0.833333, 8.0, "adult small - medium dog",0),
(2, 7.0, "adult large dog",0),
(7.0, 100, "senior dog",0),
(5, 100, "senior dog large",0),
(0.8, 1, "kitten", 1.33),
(1, 9, "adult cat", 1),
(9, 100, "senior cat", .85)
;

INSERT INTO cat_breed
(b_name , male_low_base, male_high_base,female_low_base, female_high_base )
VALUES
("Regular Domestic Cat" , 8, 10, 7,10),
("Large Domestic Cat" , 10, 25, 10,25),
("Persian Cat", 7, 12, 6, 12),
("Maine Coon", 10, 25, 10, 25),
("Siamese", 5, 10 , 5, 10 );

INSERT INTO dog_breed
(b_name , male_low_base, male_high_base,female_low_base, female_high_base )
VALUES
("Affenpinscher",3175.14,4535.92,3175.14,4535.92,"small"),
("Afghan Hound",2679.6,27215.52,2679.6,27215.52,"large"),
("Airedale Terrier",2679.6,31751.4,2679.6,31751.4,"large"),
("Akita",45359.2,5896.96,31751.4,45359.2,"xlarge"),
("Alaskan Malamute",NULL,385.32,NULL,34019.4,"large"),
("American English Coonhound",2041.64,29483.48,2041.64,29483.48,"large"),
("American Eskimo Dog(toy)",2721.52,4535.92,2721.52,4535.92,"small"),
("American Eskimo Dog (miniature)",4535.92,9071.84,4535.92,9071.84,"small"),
("American Eskimo Dogs(standard)",139.8,15875.72,139.8,15875.72,"medium"),
( "American Foxhound",29483.48,31751.4,27215.52,29483.48,"large"),
( "American Hairless Terrier",543.104,7257.472,543.104,7257.472,"small"),
( "American Staffordshire Terrier",24947.56,31751.4,18143.68,24947.56,"large"),
( "ANULLtolian Shepherd Dog",49895.12,68038.8,36287.36,5431.04,"xlarge"),
( "Australian Cattle Dog",15875.72,2679.6,15875.72,2679.6,"medium"),
( "Australian Shepherd",2679.6,29483.48,18143.68,24947.56,"large"),
( "Australian Terrier",543.104,8164.656,543.104,8164.656,"small"),
( "Basenji",1086.208,1086.208,979.024,979.024,"medium"),
( "Basset Hound",18143.68,29483.48,18143.68,29483.48,"large"),
( "Beagles(13 inches & under)",6803.8,9071.84,9071.84,13607.76,"small"),
( "Beagles(13-15 inches)",9071.84,13607.76,9071.84,13607.76,"medium"),
( "Bearded Collie",2041.64,24947.56,2041.64,24947.56,"large"),
( "Beauceron",31751.4,49895.12,31751.4,49895.12,"xlarge"),
( "Bedlington Terrier",71.064,10432.616,71.064,10432.616,"medium"),
( "Belgian Malinois",27215.52,36287.36,18143.68,27215.52,"large"),
( "Belgian Sheepdog",24947.56,34019.4,2041.64,27215.52,"large"),
( "Belgian Tervuren",24947.56,34019.4,2041.64,27215.52,"large"),
( "Bergamaco",31751.4,38101.728,25854.74,3205.032,"large"),
( "Berger Picard",2679.6,31751.4,2679.6,31751.4,"large"),
( "Bernese Mountain Dog",36287.36,52163.08,31751.4,43091.24,"xlarge"),
( "Bichons Frise",543.104,8164.656,543.104,8164.656,"small"),
( "Black and Tan Coonhound",29483.48,49895.12,29483.48,49895.12,"xlarge"),
( "Black Russian terrier",36287.36,5896.96,36287.36,5896.96,"xlarge"),
( "Bloodhound",40823.28,49895.12,36287.36,45359.2,"xlarge"),
( "Bluetick Coonhound",24947.56,36287.36,2041.64,29483.48,"large"),
( "Boerboel",68038.8,90718.4,68038.8,90718.4,"xlarge"),
( "Border Collie",13607.76,24947.56,13607.76,24947.56,"large"),
( "Border terrier",5896.696,7030.676,5216.308,6350.28,"small"),
( "Borzoi",34019.4,47627.16,27215.52,385.32,"xlarge"),
( "Boston terrier",543.104,139.8,543.104,139.8,"medium"),
( "Bouviers des Flandre",31751.4,49895.12,31751.4,49895.12,"xlarge"),
( "Boxer",29483.48,36287.36,2679.6,29483.48,"large"),
( "Briard",24947.56,45359.2,24947.56,45359.2,"large"),
( "Brittany",13607.76,18143.68,13607.76,18143.68,"medium"),
( "Brussels Griffon",3628.736,4535.92,3628.736,4535.92,"small"),
( "bull terrier",2679.6,31751.4,2679.6,31751.4,"large"),
( "bulldog",18143.68,2679.6,13607.76,18143.68,"medium"),
( "BullMastiff",49895.12,5896.96,45359.2,5431.04,"xlarge"),
( "Cairn terrier",NULL,6350.28,NULL,5896.696,"small"),
( "CaNULLn Dog",2041.64,24947.56,15875.72,2041.64,"large"),
( "Cardigan Welsh Corgi",13607.76,17236.496,139.8,1542.128,"medium"),
( "Cavalier King Charles Spaniel",5896.696,8164.656,5896.696,8164.656,"small"),
( "Cesky terrier",6350.28,1086.208,6350.28,1086.208,"medium"),
( "Chihuahua",1360.76,4535.92,1360.76,4535.92,"small"),
( "Chinese Crested",3628.736,543.104,3628.736,543.104,"small"),
( "Chine SharPei",2041.64,27215.52,2041.64,27215.52,"large"),
( "Chinok",24947.56,40823.28,2679.6,29483.48,"large"),
( "Chow Chow",2041.64,31751.4,2041.64,31751.4,"large"),
( "Cirnechi del EtNULL",979.024,1793.392,71.064,979.024,"medium"),
( "Collie",27215.52,34019.4,2679.6,29483.48,"large"),
( "Coton de Tulear",4082.328,6803.8,3628.736,5896.696,"small"),
( "Dachshunds(standard)",7257.472,14514.94,7257.472,14514.94,"medium"),
( "Dachshund(miniature)",4082.328,4989.512,4082.328,4989.512,"small"),
( "Dalmatian",2041.64,31751.4,2041.64,31751.4,"large"),
( "Dandie Dinmont terrier",8164.656,1086.208,8164.656,1086.208,"medium"),
( "Doberman Pinscher",34019.4,45359.2,27215.52,40823.28,"large"),
( "Dogue de Bordeaux",NULL,5896.96,NULL,5431.04,"xlarge"),
( "English Foxhound",27215.52,34019.4,27215.52,34019.4,"large"),
( "English Toy Spaniel",3628.736,6350.28,3628.736,6350.28,"small"),
( "Entlebucher Mountain Dog",24947.56,29483.48,24947.56,29483.48,"large"),
( "Finnish Laphund",14968.536,24040.376,14968.536,24040.376,"large"),
( "Finnish Spitz",139.8,14968.536,9071.84,1270.576,"medium"),
( "Fox terrier (Smooth)",6803.8,8164.656,5896.696,7257.472,"small"),
( "Fox terrier (Wire)",7257.472,8164.656,6350.28,7257.472,"small"),
( "French bulldog",979.024,1270.576,979.024,1270.576,"medium"),
( "German Pinscher",139.8,2041.64,139.8,2041.64,"medium"),
( "German Shepherd Dog",29483.48,40823.28,2679.6,31751.4,"large"),
( "Giant SchNULLuzer",27215.52,385.32,24947.56,34019.4,"large"),
( "Glen of Imal terrier",14514.94,18143.68,14514.94,18143.68,"medium"),
( "Great Dane",63502.8,79378.6,49895.12,63502.8,"xlarge"),
( "Great Pyrenese",45359.2,5896.96,385.32,45359.2,"xlarge"),
( "Greater Swis Mountain Dog",52163.08,63502.8,385.32,49895.12,"xlarge"),
( "Greyhound",29483.48,31751.4,27215.52,29483.48,"large"),
( "Harrier",2041.64,27215.52,2041.64,27215.52,"large"),
( "Havanese",3175.14,5896.696,3175.14,5896.696,"small"),
( "Ibizan Hound",18143.68,2679.6,17236.496,2041.64,"medium"),
( "Icelandic Sheepdog",9071.84,13607.76,9071.84,139.8,"medium"),
( "Irish terrier",979.024,1246.984,9071.84,139.8,"medium"),
( "Irish Wolfhound",49895.12,5431.04,43091.24,47627.16,"xlarge"),
( "Italian Greyhound",3175.14,6350.28,3175.14,6350.28,"small"),
( "Japanese Chin",3175.14,4989.512,3175.14,4989.512,"small"),
( "Kehonden",15875.72,2041.64,15875.72,2041.64,"medium"),
( "Kerry Blue terrier",14968.536,18143.68,14061.352,17236.496,"medium"),
( "Komondorok",45359.2,63502.8,36287.36,5431.04,"xlarge"),
( "Kuvazok",45359.2,52163.08,31751.4,40823.28,"xlarge"),
(" Lagoti Romagnoli",12927.372,15875.72,1086.208,14061.352,"medium"),
(" Lakeland terrier",5896.696,71.064,543.104,7257.472,"small"),
(" Leonberger",49895.12,710.64,40823.28,63502.8,"xlarge"),
(" Lhasa Apso",543.104,8164.656,543.104,8164.656,"small"),
(" Lowchen",4989.512,6803.8,4989.512,6803.8,"small"),
(" Maltese",907.184,3175.14,907.184,3175.14,"toy"),
(" Manchester terrier(toy)",3175.14,543.104,3175.14,543.104,"small"),
(" Manchester terriers (standard)",543.104,979.024,543.104,979.024,"medium"),
(" Mastifff",72574.72,104326.16,5431.04,710.64,"xlarge"),
(" Miniature American Shepherd",9071.84,18143.68,9071.84,18143.68,"medium"),
(" Miniature Bull terrier",8164.656,1270.576,8164.656,1270.576,"medium"),
(" Miniature Pinscher",3628.736,4535.92,3628.736,4535.92,"small"),
(" Miniature SchNULLuzer",4989.512,9071.84,4989.512,9071.84,"small"),
(" Neapolitan Mastiff",61234.92,68038.8,43091.24,49895.12,"xlarge"),
(" Newfoundland",5896.96,68038.8,45359.2,5431.04,"xlarge"),
(" Norfolk terrier",4989.512,543.104,4989.512,543.104,"small"),
(" Norwegian Buhund",14061.352,18143.68,1793.392,15875.72,"medium"),
(" Norwegian Elkhound",2679.6,24947.56,18143.68,2172.416,"large"),
(" Norwegian Lundehund",9071.84,13607.76,9071.84,13607.76,"medium"),
(" Norwich terrier",4082.328,543.104,4082.328,543.104,"small"),
(" Old English Sheepdog",27215.52,45359.2,27215.52,45359.2,"large"),
(" Oterhound",47627.16,52163.08,31751.4,36287.36,"xlarge"),
(" Papillon",267.96,4535.92,267.96,4535.92,"small"),
(" Parson Rusell terrier",5896.696,71.064,5896.696,71.064,"small"),
(" Pekingese",4535.92,6350.28,4535.92,6350.28,"small"),
(" Pembroke Welsh Corgi",9071.84,13607.76,9071.84,1270.576,"medium"),
(" Petits Bassets Grifons Venden",139.8,18143.68,139.8,18143.68,"medium"),
(" Pharaoh Hound",2041.64,24947.56,2041.64,24947.56,"large"),
(" Plot",2679.6,27215.52,18143.68,24947.56,"large"),
(" Pointer",24947.56,34019.4,2041.64,29483.48,"large"),
(" Pointer (German Shorthaired)",24947.56,31751.4,2041.64,27215.52,"large"),
(" Pointer (German Wirehaired)",2679.6,31751.4,2679.6,31751.4,"large"),
(" Polish Lowland Sheepdog",13607.76,2679.6,13607.76,2679.6,"medium"),
(" Pomeranian",1360.76,3175.14,1360.76,3175.14,"toy"),
(" Poodle(toy)",1814.368,2721.52,1814.368,2721.52,"toy"),
(" Poodle (miniature)",4535.92,6803.8,4535.92,6803.8,"small"),
(" Poodles(standard) ",27215.52,31751.4,18143.68,2679.6,"large"),
(" Portuguese Podengo Pequeno",4082.328,5896.696,4082.328,5896.696,"small"),
(" Portuguese Water Dog",19050.864,27215.52,15875.72,2679.6,"large"),
(" Pug",6350.28,8164.656,6350.28,8164.656,"small"),
(" Pulik",139.8,15875.72,139.8,15875.72,"medium"),
(" Pumik",1246.984,13154.168,979.024,1086.208,"medium"),
(" Pyrenean Shepherd",6803.8,13607.76,6803.8,13607.76,"medium"),
(" Rat terrier",4535.92,139.8,4535.92,139.8,"medium"),
(" Redbone Coonhound",2041.64,31751.4,2041.64,31751.4,"large"),
(" Retrievers (Chesapeake Bay)",29483.48,36287.36,24947.56,31751.4,"large"),
(" Retriever (Curly Coated)",27215.52,43091.24,27215.52,43091.24,"large"),
(" Retriever (Flat Coated)",27215.52,31751.4,27215.52,31751.4,"large"),
(" Retriever (Golden)",29483.48,34019.4,24947.56,29483.48,"large"),
(" Retriever (Labrador)",29483.48,36287.36,24947.56,31751.4,"large"),
(" Retriever (Nova Scotia Duck Tolling)",15875.72,2679.6,15875.72,2679.6,"medium"),
(" Rhodesian Ridgeback",36287.36,385.32,29483.48,31751.4,"large"),
(" Rottweiler",43091.24,61234.92,36287.36,45359.2,"xlarge"),
(" Rusell terrier",4082.328,6803.8,4082.328,6803.8,"small"),
(" Saluki",18143.68,29483.48,18143.68,29483.48,"large"),
(" Samoyed",2041.64,29483.48,15875.72,2679.6,"large"),
(" Schiperke",4535.92,7257.472,4535.92,7257.472,"small"),
(" Scotish Deerhound",385.32,49895.12,34019.4,43091.24,"xlarge"),
(" Scotish terrier",8618.248,979.024,8164.656,9525.432,"medium"),
(" Sealyham terrier",10432.616,1086.208,9071.84,10432.616,"medium"),
(" Setters (English)",29483.48,36287.36,2041.64,24947.56,"large"),
(" Setter (Gordon)",24947.56,36287.36,2041.64,31751.4,"large"),
(" Setters (Irish Red and White)",19050.864,27215.52,15875.72,2679.6,"large"),
(" Setters (Irish)",28576.296,31751.4,2493.968,27215.52,"large"),
(" Shetland Sheepdog",6803.8,139.8,6803.8,139.8,"medium"),
(" Shiba Inu",8164.656,10432.616,5896.696,71.064,"medium"),
(" Shih Tzu",4082.328,7257.472,4082.328,7257.472,"small"),
(" Siberian Husky",2041.64,27215.52,15875.72,2679.6,"large"),
(" Silky terrier",4082.328,4989.512,4082.328,4989.512,"small"),
(" Skye terrier",15875.72,2041.64,14514.94,18143.68,"medium"),
(" Sloughi",15875.72,2679.6,15875.72,2679.6,"medium"),
(" Soft Coated Wheaten terrier",15875.72,18143.68,13607.76,15875.72,"medium"),
(" Spaniel (American Water)",13607.76,2041.64,139.8,18143.68,"medium"),
(" Spaniel (Boykin)",13607.76,18143.68,139.8,15875.72,"medium"),
(" Spaniel (Clumber)",31751.4,385.32,24947.56,31751.4,"large"),
(" Spaniels (English Cocker)",1270.576,1542.128,1793.392,14514.94,"medium"),
(" Spaniels (English Springer)",19050.864,2679.6,13607.76,18143.68,"medium"),
(" Spaniel (Field)",15875.72,2679.6,15875.72,2679.6,"medium"),
(" Spaniels (Irish Water)",24947.56,3084.256,2041.64,26308.36,"large"),
(" Spaniels (Sussex)",15875.72,2041.64,15875.72,2041.64,"medium"),
(" Spaniels (Welsh Springer)",18143.68,24947.56,15875.72,2679.6,"large"),
(" Spanish Water Dog",18143.68,26.08,14061.352,18143.68,"medium"),
(" Spinoni Italiani",NULL,25401.152,NULL,25401.152,"large"),
(" St. BerNULLrd",63502.8,81646.56,5431.04,63502.8,"xlarge"),
(" Staffordshire Bull terrier",1270.576,17236.496,1086.208,1542.128,"medium"),
(" Standard SchNULLuzer",15875.72,2679.6,13607.76,2041.64,"medium"),
(" Swedish Valhund",9071.84,15875.72,9071.84,15875.72,"medium"),
(" Tibetan Mastiff",40823.28,68038.8,31751.4,5431.04,"xlarge"),
(" Tibetan terrier",8164.656,13607.76,7257.472,1270.576,"medium"),
(" Tibetan Spaniel",4082.328,6803.8,4082.328,6803.8,"small"),
(" Toy Fox terrier",1587.572,3175.14,1587.572,3175.14,"toy"),
(" Treeing Walker Coonhound",2679.6,31751.4,2679.6,31751.4,"large"),
(" Vizsla",24947.56,27215.52,1958.048,24947.56,"large"),
(" Weimaraner",31751.4,40823.28,24947.56,34019.4,"large"),
(" Welsh terrier",6803.8,9071.84,5896.696,8164.656,"small"),
(" West Highland White terrier",6803.8,9071.84,6803.8,9071.84,"small"),
(" Whippet",139.8,18143.68,139.8,18143.68,"medium"),
(" Wirehaired Pointing Griffon",2679.6,31751.4,15875.72,2679.6,"large"),
(" Wirehaired Vizsla",24947.56,29483.48,2041.64,24947.56,"large"),
(" Xoloitzcuintli(toy)",4535.92,6803.8,4535.92,6803.8,"small"),
(" Xoloitzcuintli(miniature)",6803.8,13607.76,6803.8,13607.76,"medium"),
(" Xoloitzcuintli(standard)",13607.76,24947.56,13607.76,24947.56,"large"),
(" Yorkshire terrier",267.96,3175.14,267.96,3175.14,"toy");

insert into lifestyle(activity_level)
VALUES
("High activity"),
("Normal activity"),
("Low activity");

insert into health
(health_name, active, inactive)
VALUES 
("Kidney disease", null, null),
("PregNULLnt 0-5wks", 1.3, 1.2),
("PregNULLnt 5+wks)", 1.3, 1.2),
("Nursing 1-3wks", 1.4,1.3),
("Nursing 3+wks", 1.6,1.5 ),
("Heart condition",null, null),
("Joint issues",NULL,NULL),
("None",NULL,NULL),
("Other",NULL,NULL),
("Overweight", 0.56,0.65 ),
("Underweight", 1.33, 1.5);

insert into diet
(diet_name)
VALUES
("raw"),
("raw grain free"),
("raw limited"),
("dry"),
("dry grain free"),
("dry limited"),
("wet"),
("wet grain free"),
("wet limited");

Insert into tags(tag_name)
VALUES
("raw"),
("grain free"),
("dry"),
("phosphorous"),
("kidney"),
("toy"),
("weight"),
("high protein"),
("heart"),
( "small breed"),
( "adult"),
( "puppy"),
( "senior"),
( "cat"),
("dog"),
("wet"),
("kitten"),
("cat"),
("joint"),
("large breed"),
("pregNULLnt"),
("nursing");

insert into dog_adult_diet
 (size, body_weight, High_activity, Normal_activity, Low_activity, diet)
 VALUES
("toy",2000,0.0295,0.026,0.0225,"dry grain free"),
("toy",4000,0.025,0.022,0.01925,"dry grain free"),
("small",5000,0.0236,0.0208,0.0182,"dry grain free"),
("small",6000,0.0226666666666667,0.02,0.0173333333333333,"dry grain free"),
("small",8000,0.021125,0.018625,0.01625,"dry grain free"),
("small",10000,0.0123,0.0109,0.0096,"dry grain free"),
("medium",10000,0.02,0.0177,0.0154,"dry grain free"),
("medium",15000,0.0181333333333333,0.01613333333,0.014066666667,"dry grain free"),
("medium",23000,0.0165652173913043,0.014695652173913,0.0128260869565217,"dry grain free"),
("large",23000,0.0174347826086957,0.0154347826086957,0.0134782608695652,"dry grain free"),
("large",25000,0.01744,0.01548,0.01348,"dry grain free"),
("large",30000,0.0154333333333333,0.0137,0.0119666666666667,"dry grain free"),
("large",35000,0.0141714285714286,0.0126,0.0110285714285714,"dry grain free"),
("large",40000,0.01315,0.0117,0.010225,"dry grain free"),
("large",46000,0.0120869565217391,0.0107608695652174,0.00941304347826087,"dry grain free"),
("xlarge",46000,0.0126739130434783,0.0112826086956522,0.0098695652173913,"dry grain free"),
("xlarge",50000,0.01306,0.0116,0.01016,"dry grain free"),
("xlarge",55000,0.0125454545454545,0.0111636363636364,0.009781818182,"dry grain free"),
("xlarge",60000,0.0125166666666667,0.0111333333333333,0.00975,"dry grain free"),
("xlarge",65000,0.0122,0.0108615384615385,0.00952307692307692,"dry grain free"),
("xlarge",70000,0.0120857142857143,0.0107571428571429,0.00941428571428571,"dry grain free"),
("xlarge",75000,0.0119066666666667,0.0105866666666667,0.00928,"dry grain free"),
("xlarge",80000,0.0117125,0.010425,0.00915,"dry grain free"),
("xlarge",85000,0.0116352941176471,0.0103529411764706,0.00908235294117647,"dry grain free"),
("xlarge",90000,0.0114111111111111,0.0101555555555556,0.00891111111111111,"dry grain free"),
("xlarge",95000,0.0113894736842105,0.0101473684210526,0.00889473684210526,"dry grain free"),
("toy",2000,0.0285,0.025,0.0215,"dry"),
("toy",4000,0.024,0.021,0.01825,"dry"),
("small",5000,0.0226,0.0198,0.0172,"dry"),
("small",6000,0.0216666666666667,0.019,0.0163333333333333,"dry"),
("small",8000,0.020125,0.017625,0.01525,"dry"),
("small",10000,0.0113,0.0099,0.0086,"dry"),
("medium",10000,0.019,0.0167,0.0144,"dry"),
("medium",15000,0.0171333333333333,0.0151333333333333,0.0130666666666667,"dry"),
("medium",23000,0.0155652173913043,0.013695652173913,0.0118260869565217,"dry"),
("large",23000,0.0164347826086957,0.0144347826086957,0.0124782608695652,"dry"),
("large",25000,0.01644,0.01448,0.01248,"dry"),
("large",30000,0.0144333333333333,0.0127,0.0109666666666667,"dry"),
("large",35000,0.0131714285714286,0.0116,0.0100285714285714,"dry"),
("large",40000,0.01215,0.0107,0.009225,"dry"),
("large",46000,0.0110869565217391,0.00976086956521739,0.00841304347826087,"dry"),
("xlarge",46000,0.0116739130434783,0.0102826086956522,0.0088695652173913,"dry"),
("xlarge",50000,0.01206,0.0106,0.00916,"dry"),
("xlarge",55000,0.0115454545454545,0.0101636363636364,0.00878181818181818,"dry"),
("xlarge",60000,0.0115166666666667,0.0101333333333333,0.00875,"dry"),
("xlarge",65000,0.0112,0.00986153846153846,0.00852307692307692,"dry"),
("xlarge",70000,0.0110857142857143,0.00975714285714286,0.00841428571428571,"dry"),
("xlarge",75000,0.0109066666666667,0.00958666666666667,0.00828,"dry"),
("xlarge",80000,0.0107125,0.009425,0.00815,"dry"),
("xlarge",85000,0.0106352941176471,0.00935294117647059,0.00808235294117647,"dry"),
("xlarge",90000,0.0104111111111111,0.00915555555555556,0.00791111111111111,"dry"),
("xlarge",95000,0.0103894736842105,0.00914736842105263,0.00789473684210526,"dry"),
("toy",5000,0.05,0.0457,0.0367,"raw"),
("small",8000,0.04,0.035,0.03,"raw"),
("medium",10000,0.03,0.025,0.022,"raw"),
("large",23000,0.024,0.023,0.022,"raw"),
("xlarge",46000,0.023,0.022,0.021,"raw"),
("toy",5000,0.051,0.046,0.0368,"raw grain free"),
("small",8000,0.041,0.037,0.032,"raw grain free"),
("medium",10000,0.031,0.021,0.023,"raw grain free"),
("large",23000,0.025,0.024,0.023,"raw grain free"),
("xlarge",46000,0.024,0.023,0.022,"raw grain free"),
("toy",5000,0.0566,0.051,0.041,"wet"),
("small",8000,0.06375,0.058,0.045,"wet"),
("medium",10000,0.0566,0.051,0.041,"wet"),
("large",23000,0.05052174,0.042,0.03,"wet"),
("xlarge",46000,0.1,0.09,0.08,"wet"),
("toy",5000,0.057,0.052,0.042,"wet grain free"),
("small",8000,0.065,0.06,0.046,"wet grain free"),
("medium",10000,0.057,0.052,0.042,"wet grain free"),
("large",23000,0.0515,0.043,0.031,"wet grain free"),
("xlarge",46000,0.11,0.091,0.081,"wet grain free");


insert into dog_senior_diet
 (size, body_weight, High_Normal_activity, Low_activity, Diet)
 VALUES
("small",9000,0.02077778,0.01811,"dry grain free"),
("medium",10000,0.0188,0.0164,"dry grain free"),
("medium",15000,0.01706667,0.01486667,"dry grain free"),
("medium",20000,0.01595,0.0139,"dry grain free"),
("medium",25000,0.01512,0.0132,"dry grain free"),
("large",25000,0.01512,0.0132,"dry grain free"),
("large",30000,0.0145,0.01266667,"dry grain free"),
("large",35000,0.014,0.0122285714285714,"dry grain free"),
("large",40000,0.013575,0.01185,"dry grain free"),
("xlarge",46000,0.0129130434782609,0.0113043478261,"dry grain free"),
("xlarge",50000,0.01288,0.01126,"dry grain free"),
("xlarge",60000,0.01235,0.01081667,"dry grain free"),
("xlarge",70000,0.0119285714285714,0.010442857142857,"dry grain free"),
("xlarge",80000,0.011575,0.010125,"dry grain free"),
("xlarge",90000,0.01126666667,0.009867,"dry grain free"),
("toy",5000,0.04,0.02936,"raw"),
("medium",10000,0.024,0.0176,"raw"),
("large",23000,0.0192,0.0176,"raw"),
("xlarge",46000,0.0184,0.0168,"raw"),
("medium",10000,0.0248,0.0184,"raw grain free"),
("large",23000,0.02,0.0184,"raw grain free"),
("xlarge",46000,0.0192,0.0176,"raw grain free"),
("toy",5000,0.04528,0.0328,"wet"),
("small",8000,0.051,0.037,"wet"),
("medium",10000,0.04528,0.032,"wet"),
("large",23000,0.0404,0.024,"wet"),
("xlarge",46000,0.08,0.064,"wet"),
("toy",5000,0.0456,0.0336,"wet grain free"),
("small",8000,0.052,0.0368,"wet grain free"),
("large",23000,0.0412,0.0248,"wet grain free"),
("xlarge",46000,0.088,0.0648,"wet grain free");


insert into dog_pup_diet
(size,body_weight, Age_2mo, Age_3_6mo , Age6_12mo , Age_12_more,Diet)
VALUES
("toy",2000,0.025,0.029125,NULL,NULL,"dry"),
("small",5000,0.0186,0.02275,NULL,NULL,"dry"),
("medium",10000,0.0154,0.0189,0.018,0.0162,"dry"),
("medium",15000,0.0143333333333333,0.0185833333333333,0.0165333333333333,0.0148,"dry"),
("medium",25000,0.0102,0.0138,0.0134033333333333,0.01279,"dry"),
("large",30000,0.0102,0.0140541666666667,0.0135458333333333,0.0122,"dry"),
("large",35000,0.00917142857142857,0.0133642857142857,0.013375,0.0120214285714286,"dry"),
("large",40000,0.00885,0.012890625,0.012909375,0.011525,"dry"),
("large",45000,0.00865555555555556,0.0127222222222222,NULL,NULL,"dry"),
("xlarge",50000,0.0127222222222222,0.01281,0.0116666666666667,0.01062,"dry"),
("xlarge",55000,0.00814545454545455,0.0117272727272727,NULL,NULL,"dry"),
("xlarge",60000,0.0117272727272727,0.0122083333333333,0.0114444444444444,0.0103111111111111,"dry"),
("xlarge",65000,0.00744615384615385,0.0102769230769231,NULL,NULL,"dry"),
("xlarge",70000,0.0102769230769231,0.0114809523809524,0.0112190476190476,0.0101952380952381,"dry"),
("xlarge",75000,0.00712,0.00981333333333333,NULL,NULL,"dry"),
("xlarge",80000,0.00981333333333333,0.010665625,0.0108208333333333,0.00966875,"dry"),
("xlarge",85000,0.00684705882352941,0.0103305555555556,0.0104814814814815,0.00937777777777778,"dry"),
("xlarge",90000,0.0084705882352941,0.0103305555555556,0.0104814814814815,0.00937777777777778,"dry"),
("toy",2000,0.026,0.030125,NULL,NULL,"dry grain free"),
("small",5000,0.0196,0.02375,NULL,NULL,"dry grain free"),
("medium",10000,0.0164,0.0199,"0.019","0.0172","dry grain free"),
("medium",15000,0.0153333333333,0.01958333333333,0.0175333,0.0158,"dry grain free"),
("medium",25000,0.0112,0.0148,0.0144033333333333,0.01379,"dry grain free"),
("large",30000,0.0112,0.0150541666666667,0.0145458333333333,0.0132,"dry grain free"),
("large",35000,0.0101714285714286,0.0143642857142857,0.014375,0.0130214285714286,"dry grain free"),
("large",40000,0.00985,0.013890625,0.013909375,0.012525,"dry grain free"),
("large",45000,0.0096555556,0.013722222,NULL,NULL,"dry grain free"),
("xlarge",50000,0.0137222,0.01381,0.012666667,0.01162,"dry grain free"),
("xlarge",55000,0.0091454545454546,0.012727,NULL,NULL,"dry grain free"),
("xlarge",60000,0.012727273,0.01320833,0.012444,0.011311,"dry grain free"),
("xlarge",65000,0.00844615384615385,0.0112769230769231,NULL,NULL,"dry grain free"),
("xlarge",70000,0.0112769230769231,0.0124809523809524,0.0122190476190476,0.0111952380952381,"dry grain free"),
("xlarge",75000,0.00812,0.010813,NULL,NULL,"dry grain free"),
("xlarge",80000,0.0108133333,0.011665625,0.0118208333333333,0.01066875,"dry grain free"),
("xlarge",85000,0.00784705882352941,0.0113305556,0.0114814814814815,0.010378,"dry grain free"),
("xlarge",90000,0.0094705882352941,0.0113305556,0.0114814814814815,0.010378,"dry grain free"),
("toy",2000,0.1,0.05,0.04,0.02,"raw"),
("small",10000,0.085,0.048,0.039,0.02,"raw"),
("medium",25000,0.075,0.045,0.038,0.02,"raw"),
("large",30000,0.068,0.042,0.037,0.02,"raw"),
("xlarge",50000,0.06,0.04,0.035,0.02,"raw"),
("toy",2000,0.099,0.049,0.039,0.019,"raw"),
("small",10000,0.084,0.047,0.038,0.019,"raw grain free"),
("medium",25000,0.075,0.044,0.037,0.019,"raw grain free"),
("large",30000,0.067,0.041,0.036,0.019,"raw grain free"),
("xlarge",50000,0.059,0.039,0.034,0.019,"raw grain free"),
("toy",2000,0.0891045,0.049,0.059,0.028,"wet"),
("small",10000,0.0624,0.0315,0.021,0.011,"wet"),
("medium",25000,0.04884,0.0244,0.035,0.016,"wet"),
("large",30000,0.04613333,0.023,0.018,0.009,"wet"),
("xlarge",50000,0.04108,0.0221,0.019,0.01,"wet"),
("toy",2000,0.09,0.05,0.06,0.029,"wet grain free"),
("small",10000,0.063,0.0326,0.0211,0.0111,"wet grain free"),
("medium",25000,0.049,0.025,0.036,0.017,"wet grain free"),
("large",30000,0.047,0.024,0.019,0.01,"wet grain free"),
("xlarge",50000,0.042,0.0231,0.020,0.011,"wet grain free");


INSERT INTO diet_tag_map (dID, tagID) 
SELECT dID, tagID FROM diet INNER JOIN tags ON diet.diet_NULLme LIKE CONCAT('%', tags.tag_NULLme, '%') ;
